,diarization_error_rate,false_alarm,model
0,36.40630986725373,5.278224719138797,teacher
1,59.2748252947081,5.284350877979643,student
