embedding_model,segmentation_model,diarization_error_rate,false_alarm,percentage_of_teacher_size
teacher,teacher,43.28026108951006,3.0037677647141674,100.0
teacher,student,44.55349739135194,9.160850400090762,79.61581786921207
student,teacher,64.77133315325062,3.0108157887643716,51.266472650909975
student,student,62.80723245292897,9.163024089751103,30.882290520122048
