,diarization_error_rate,false_alarm,model
0,36.40630986725373,5.278224719138797,teacher
1,42.05068661799148,10.388374896297314,student
